id;created_at;updated_at;template_id;request_data;contact_id;customer_signatue_status;securities_signature_status;contract_status;sign_file_content;contract_file_content
1;2023-12-10T17:44:52;2023-12-10T07:34:41;Marketing Escudo;../fake-data/blob/hipster.txt;Borders;Granite Fresh;Fields Granite connect;Shoes open-source;ADP technologies Ferry;Global Producer
2;2023-12-10T16:15:13;2023-12-11T02:01:39;Home;../fake-data/blob/hipster.txt;bypassing service-desk;Common;Reduced Shoes Handmade;foreground hack;auxiliary;Identity
3;2023-12-10T09:37:32;2023-12-10T13:44:50;Shoes;../fake-data/blob/hipster.txt;cultivate;Tools Generic Cotton;România;Multi-layered Lithuanian;Tuna partnerships FTP;Idaho Licensed
4;2023-12-10T15:56:39;2023-12-10T11:28:52;flexibility index Shoes;../fake-data/blob/hipster.txt;full-range Diverse;backing;hacking experiences;Account;homogeneous;Soap
5;2023-12-11T03:10:22;2023-12-10T10:34:48;hacking Quality Loan;../fake-data/blob/hipster.txt;Knolls Licensed;RSS Danish Direct;Fort virtual;Hawaii Handmade virtual;optical robust Operative;Computers utilisation IB
6;2023-12-10T11:37:07;2023-12-10T11:55:57;connecting;../fake-data/blob/hipster.txt;EXE Bangladesh Keyboard;HTTP indigo;Money Illinois;e-enable XSS Haiti;Small Kina;neural
7;2023-12-10T14:23:09;2023-12-11T06:13:16;Soft Licensed Keyboard;../fake-data/blob/hipster.txt;empower invoice indexing;Car;Grocery Chips;HDD Steel;Incredible;Cotton
8;2023-12-10T15:47:58;2023-12-10T08:15:34;tangible Bacon generate;../fake-data/blob/hipster.txt;Director;capacitor Granite capacitor;grey feed;Shoes harness Games;Small Mill;Future
9;2023-12-11T02:26:33;2023-12-10T20:05:01;empowering Plastic;../fake-data/blob/hipster.txt;Rustic;Books Rubber;Legacy input index;Pháp;purple;plum
10;2023-12-11T00:37:26;2023-12-10T20:38:32;Bedfordshire Refined;../fake-data/blob/hipster.txt;Synchronised Dollar;facilitate Mozambique;Metical Orchestrator;input methodologies;Palau Sleek;convergence
