id;ref_id;envelope_id;identifier_id;template_id;alias;company_type;created_at;updated_at
1;Berkshire;redundant Dinar National;Configuration Bacon;Cambridgeshire recontextualize;California;Generic;2023-12-10T08:59:50;2023-12-10T23:39:30
2;Viaduct magenta Shirt;Specialist;benchmark bypass;quantify Fresh TCP;Regional Books Manat;solution-oriented;2023-12-11T00:55:56;2023-12-10T23:14:47
3;Granite quantify Bike;deploy Incredible;Georgia silver Buckinghamshire;compress violet;Fish Account;parse;2023-12-10T14:56:01;2023-12-10T19:13:14
4;transmitting navigate administration;Borders;Ridge Legacy;Wooden Specialist;syndicate;Shoal;2023-12-10T10:04:11;2023-12-10T06:41:17
5;Azerbaijan;deposit Prairie;Future;fuchsia;Central optical;out-of-the-box programming emulation;2023-12-10T11:35:24;2023-12-10T06:59:09
6;global generate forecast;function cross-platform Throughway;payment Concrete Practical;Liaison;Configuration payment;Steel Bedfordshire;2023-12-10T23:05:25;2023-12-10T09:31:26
7;parse Stravenue Home;Optimization New ADP;USB fuchsia Rubber;customer;unleash 24/365;Gorgeous;2023-12-11T04:43:59;2023-12-10T12:43:42
8;Computer Missouri Automotive;access Car Mouse;deposit Sum;actuating SCSI;Customizable Home Mauritanie;system;2023-12-11T05:17:34;2023-12-10T06:46:41
9;grey;Dynamic Ruble;Developer ubiquitous;deploy;content Avon;Kentucky parse;2023-12-10T19:02:55;2023-12-11T03:28:54
10;Mountain;Bacon;Lilangeni Village;Account;parse;Home programming;2023-12-11T02:32:22;2023-12-11T04:57:17
