id;status;reason;updated_at;updated_by;full_result
1;projection Granite;deliverables;2022-01-12T21:32:11;hack Plastic indexing;../fake-data/blob/hipster.txt
2;copy;deposit;2022-01-13T05:45:26;Executive payment blockchains;../fake-data/blob/hipster.txt
3;navigating;Marketing Washington;2022-01-13T05:33:05;Legacy;../fake-data/blob/hipster.txt
4;streamline;invoice;2022-01-12T19:35:45;enable;../fake-data/blob/hipster.txt
5;Operations Buckinghamshire next-generation;SSL;2022-01-13T02:00:58;Account invoice Car;../fake-data/blob/hipster.txt
6;synthesize virtual RSS;Keyboard;2022-01-13T04:16:34;Plastic;../fake-data/blob/hipster.txt
7;Glen Refined users;bus Illinois solid;2022-01-13T11:37:07;Connecticut;../fake-data/blob/hipster.txt
8;boliviano;California open-source Factors;2022-01-13T15:03:53;Rial invoice;../fake-data/blob/hipster.txt
9;networks;Applications Shirt;2022-01-13T05:57:16;North withdrawal Moldova;../fake-data/blob/hipster.txt
10;impactful incubate;Incredible alarm adapter;2022-01-13T04:06:04;haptic back-end;../fake-data/blob/hipster.txt
