id;username;identifier_number;branch_code;mng_dept_code;dept_code;agency_number;account_numbers;user_level
1;Account;programming;Pants Designer;District;SDD;quantify Ergonomic;Centralized Oklahoma;Grass-roots quantifying Strategist
2;invoice Cambridgeshire Car;Fresh;Meadows;Serbia;Universal;sky Missouri;capacity;Open-architected virtual
3;Implemented teal recontextualize;Awesome multi-tasking Haven;Pa'anga innovate Lead;solutions;Licensed Connecticut scalable;synergistic Suriname THX;Checking Home;users
4;best-of-breed;PCI up;card mission-critical;Mouse back-end Human;neural Generic Avon;purple Concrete;deposit implement;Distributed primary Account
5;base;Account Uruguay;transmit Refined Towels;Missouri;sensor;Progressive Cameroon;Future Assistant;Georgia
6;maximize killer;withdrawal International navigating;monitoring;Sausages Inlet;program;Coves drive web;synthesize calculate cross-platform;optimizing Officer Profound
7;secured;Associate green;RAM SCSI;Producer invoice Metal;Fantastic Ruble Sleek;indexing;granular neural Martinique;calculating
8;copy methodology;invoice Rustic Fish;Up-sized Rustic;Wooden;object-oriented Bedfordshire;architectures;programming Bike;Loan Ethiopian Grocery
9;Savings;maximized;Pine Concrete;middleware Gloves dot-com;Generic;JSON B2C Sudanese;Hill foreground;Dalasi Assimilated azure
10;Web asymmetric;Orchestrator deposit Handmade;Granite;Assurance bluetooth;firewall;XML;Compatible;Home Ball Dollar)
